[{
        "nom": "Université Laval",
		"type": ["université"],
        "emplacement": [
			[-71.275404, 46.774234],
			[-71.261163, 46.781491],
			[-71.271121, 46.789132],
			[-71.285099, 46.783009]
		]
	}, {

      "nom": "Place Ste-Foy",
      "type": ["magasin","centre commercial"],
      "emplacement": [
            [-71.282574,46.773541],
            [-71.280386,46.771590],
            [-71.275988,46.773838],
            [-71.278197,46.775860]
          ]
	},{

      "nom": "DeSerres",
      "type": ["magasin","art"],
      "emplacement": [-71.280443,46.772379]
	}, {

      "nom": "Rue du Peps",
      "type": ["rue"],
      "emplacement": [
        [-71.278011, 46.783243],
        [-71.284303, 46.779710]
            ]
	}, {

        "nom": "Rue de la Médecine",
        "type": ["rue"],
        "emplacement": [
            [-71.280354, 46.782130],
            [-71.272852, 46.776151]
          ]
	}, {

        "nom": "Ville de Québec",
        "type": ["ville", "capitale"],
        "emplacement": [
          [-71.342804, 46.743742],
          [-71.289850, 46.748588],
          [-71.200327, 46.814143],
          [-71.218611, 46.857331],
          [-71.415940, 46.795940]
          ]
	}
]